<?xml version="1.0" encoding="UTF-8"?><ValueSet xmlns="http://hl7.org/fhir"><id value="2.16.840.1.113883.1.11.20.2.3"/><text><status value="generated"/><div xmlns="http://www.w3.org/1999/xhtml"><h3>Value Set Contents</h3><p>This value set contains 45 concepts</p><p>All codes from system <code>http://loinc.org</code></p><table class="codes"><tr><td><b>Code</b></td><td><b>Display</b></td></tr><tr><td><a name="http---loinc.org-57133-1"> </a><a href="http://details.loinc.org/LOINC/57133-1.html">57133-1</a></td><td>Referral note</td></tr><tr><td><a name="http---loinc.org-57170-3"> </a><a href="http://details.loinc.org/LOINC/57170-3.html">57170-3</a></td><td>Cardiovascular disease Referral note</td></tr><tr><td><a name="http---loinc.org-57178-6"> </a><a href="http://details.loinc.org/LOINC/57178-6.html">57178-6</a></td><td>Critical Care Medicine Referral note</td></tr><tr><td><a name="http---loinc.org-57134-9"> </a><a href="http://details.loinc.org/LOINC/57134-9.html">57134-9</a></td><td>Dentistry Referral note</td></tr><tr><td><a name="http---loinc.org-57135-6"> </a><a href="http://details.loinc.org/LOINC/57135-6.html">57135-6</a></td><td>Dermatology Referral note</td></tr><tr><td><a name="http---loinc.org-57136-4"> </a><a href="http://details.loinc.org/LOINC/57136-4.html">57136-4</a></td><td>Diabetology Referral note</td></tr><tr><td><a name="http---loinc.org-57137-2"> </a><a href="http://details.loinc.org/LOINC/57137-2.html">57137-2</a></td><td>Endocrinology Referral note</td></tr><tr><td><a name="http---loinc.org-57138-0"> </a><a href="http://details.loinc.org/LOINC/57138-0.html">57138-0</a></td><td>Gastroenterology Referral note</td></tr><tr><td><a name="http---loinc.org-57139-8"> </a><a href="http://details.loinc.org/LOINC/57139-8.html">57139-8</a></td><td>General medicine Referral note</td></tr><tr><td><a name="http---loinc.org-57171-1"> </a><a href="http://details.loinc.org/LOINC/57171-1.html">57171-1</a></td><td>Geriatric medicine Referral note</td></tr><tr><td><a name="http---loinc.org-57141-4"> </a><a href="http://details.loinc.org/LOINC/57141-4.html">57141-4</a></td><td>Infectious disease Referral note</td></tr><tr><td><a name="http---loinc.org-57142-2"> </a><a href="http://details.loinc.org/LOINC/57142-2.html">57142-2</a></td><td>Kinesiotherapy Referral note</td></tr><tr><td><a name="http---loinc.org-57143-0"> </a><a href="http://details.loinc.org/LOINC/57143-0.html">57143-0</a></td><td>Mental health Referral note</td></tr><tr><td><a name="http---loinc.org-57144-8"> </a><a href="http://details.loinc.org/LOINC/57144-8.html">57144-8</a></td><td>Nephrology Referral note</td></tr><tr><td><a name="http---loinc.org-57146-3"> </a><a href="http://details.loinc.org/LOINC/57146-3.html">57146-3</a></td><td>Neurological surgery Referral note</td></tr><tr><td><a name="http---loinc.org-57145-5"> </a><a href="http://details.loinc.org/LOINC/57145-5.html">57145-5</a></td><td>Neurology Referral note</td></tr><tr><td><a name="http---loinc.org-57173-7"> </a><a href="http://details.loinc.org/LOINC/57173-7.html">57173-7</a></td><td>Nutrition and dietetics Referral note</td></tr><tr><td><a name="http---loinc.org-57179-4"> </a><a href="http://details.loinc.org/LOINC/57179-4.html">57179-4</a></td><td>Obstetrics and Gynecology Referral note</td></tr><tr><td><a name="http---loinc.org-57147-1"> </a><a href="http://details.loinc.org/LOINC/57147-1.html">57147-1</a></td><td>Occupational health Referral note</td></tr><tr><td><a name="http---loinc.org-57148-9"> </a><a href="http://details.loinc.org/LOINC/57148-9.html">57148-9</a></td><td>Occupational therapy Referral note</td></tr><tr><td><a name="http---loinc.org-57149-7"> </a><a href="http://details.loinc.org/LOINC/57149-7.html">57149-7</a></td><td>Oncology Referral note</td></tr><tr><td><a name="http---loinc.org-57150-5"> </a><a href="http://details.loinc.org/LOINC/57150-5.html">57150-5</a></td><td>Ophthalmology Referral note</td></tr><tr><td><a name="http---loinc.org-57151-3"> </a><a href="http://details.loinc.org/LOINC/57151-3.html">57151-3</a></td><td>Optometry Referral note</td></tr><tr><td><a name="http---loinc.org-57174-5"> </a><a href="http://details.loinc.org/LOINC/57174-5.html">57174-5</a></td><td>Oral surgery Referral note</td></tr><tr><td><a name="http---loinc.org-57175-2"> </a><a href="http://details.loinc.org/LOINC/57175-2.html">57175-2</a></td><td>Orthopedic surgery Referral note</td></tr><tr><td><a name="http---loinc.org-57176-0"> </a><a href="http://details.loinc.org/LOINC/57176-0.html">57176-0</a></td><td>Otolaryngology Referral note</td></tr><tr><td><a name="http---loinc.org-57152-1"> </a><a href="http://details.loinc.org/LOINC/57152-1.html">57152-1</a></td><td>Pharmacy Referral note</td></tr><tr><td><a name="http---loinc.org-57153-9"> </a><a href="http://details.loinc.org/LOINC/57153-9.html">57153-9</a></td><td>Physical medicine and rehabilitation Referral note</td></tr><tr><td><a name="http---loinc.org-57154-7"> </a><a href="http://details.loinc.org/LOINC/57154-7.html">57154-7</a></td><td>Physical therapy Referral note</td></tr><tr><td><a name="http---loinc.org-57155-4"> </a><a href="http://details.loinc.org/LOINC/57155-4.html">57155-4</a></td><td>Plastic surgery Referral note</td></tr><tr><td><a name="http---loinc.org-57156-2"> </a><a href="http://details.loinc.org/LOINC/57156-2.html">57156-2</a></td><td>Podiatry Referral note</td></tr><tr><td><a name="http---loinc.org-57157-0"> </a><a href="http://details.loinc.org/LOINC/57157-0.html">57157-0</a></td><td>Psychiatry Referral note</td></tr><tr><td><a name="http---loinc.org-57158-8"> </a><a href="http://details.loinc.org/LOINC/57158-8.html">57158-8</a></td><td>Psychology Referral note</td></tr><tr><td><a name="http---loinc.org-57177-8"> </a><a href="http://details.loinc.org/LOINC/57177-8.html">57177-8</a></td><td>Pulmonary disease Referral note</td></tr><tr><td><a name="http---loinc.org-57159-6"> </a><a href="http://details.loinc.org/LOINC/57159-6.html">57159-6</a></td><td>Radiation oncology Referral note</td></tr><tr><td><a name="http---loinc.org-57160-4"> </a><a href="http://details.loinc.org/LOINC/57160-4.html">57160-4</a></td><td>Recreational therapy Referral note</td></tr><tr><td><a name="http---loinc.org-57161-2"> </a><a href="http://details.loinc.org/LOINC/57161-2.html">57161-2</a></td><td>Rehabilitation Referral note</td></tr><tr><td><a name="http---loinc.org-57162-0"> </a><a href="http://details.loinc.org/LOINC/57162-0.html">57162-0</a></td><td>Respiratory therapy Referral note</td></tr><tr><td><a name="http---loinc.org-57163-8"> </a><a href="http://details.loinc.org/LOINC/57163-8.html">57163-8</a></td><td>Rheumatology Referral note</td></tr><tr><td><a name="http---loinc.org-57164-6"> </a><a href="http://details.loinc.org/LOINC/57164-6.html">57164-6</a></td><td>Social work Referral note</td></tr><tr><td><a name="http---loinc.org-57166-1"> </a><a href="http://details.loinc.org/LOINC/57166-1.html">57166-1</a></td><td>Surgery Referral note</td></tr><tr><td><a name="http---loinc.org-57167-9"> </a><a href="http://details.loinc.org/LOINC/57167-9.html">57167-9</a></td><td>Thoracic surgery Referral note</td></tr><tr><td><a name="http---loinc.org-57168-7"> </a><a href="http://details.loinc.org/LOINC/57168-7.html">57168-7</a></td><td>Urology Referral note</td></tr><tr><td><a name="http---loinc.org-57169-5"> </a><a href="http://details.loinc.org/LOINC/57169-5.html">57169-5</a></td><td>Vascular surgery Referral note</td></tr><tr><td><a name="http---loinc.org-69438-0"> </a><a href="http://details.loinc.org/LOINC/69438-0.html">69438-0</a></td><td>Forensic medicine Referral note</td></tr></table></div></text><url value="http://hl7.org/fhir/ccda/ValueSet/2.16.840.1.113883.1.11.20.2.3"/><name value="ReferralDocumentType"/><status value="active"/><date value="2017-07-20T14:01:40-04:00"/><description value="A referral note provides a consulting physician specified patient information about the patient referred. Specific URL Pending"/><compose><include><system value="http://loinc.org"/><concept><code value="57133-1"/><display value="Referral note"/></concept><concept><code value="57170-3"/><display value="Cardiovascular disease Referral note"/></concept><concept><code value="57178-6"/><display value="Critical Care Medicine Referral note"/></concept><concept><code value="57134-9"/><display value="Dentistry Referral note"/></concept><concept><code value="57135-6"/><display value="Dermatology Referral note"/></concept><concept><code value="57136-4"/><display value="Diabetology Referral note"/></concept><concept><code value="57137-2"/><display value="Endocrinology Referral note"/></concept><concept><code value="57138-0"/><display value="Gastroenterology Referral note"/></concept><concept><code value="57139-8"/><display value="General medicine Referral note"/></concept><concept><code value="57171-1"/><display value="Geriatric medicine Referral note"/></concept><concept><code value="57141-4"/><display value="Infectious disease Referral note"/></concept><concept><code value="57142-2"/><display value="Kinesiotherapy Referral note"/></concept><concept><code value="57143-0"/><display value="Mental health Referral note"/></concept><concept><code value="57144-8"/><display value="Nephrology Referral note"/></concept><concept><code value="57146-3"/><display value="Neurological surgery Referral note"/></concept><concept><code value="57145-5"/><display value="Neurology Referral note"/></concept><concept><code value="57173-7"/><display value="Nutrition and dietetics Referral note"/></concept><concept><code value="57179-4"/><display value="Obstetrics and Gynecology Referral note"/></concept><concept><code value="57147-1"/><display value="Occupational health Referral note"/></concept><concept><code value="57148-9"/><display value="Occupational therapy Referral note"/></concept><concept><code value="57149-7"/><display value="Oncology Referral note"/></concept><concept><code value="57150-5"/><display value="Ophthalmology Referral note"/></concept><concept><code value="57151-3"/><display value="Optometry Referral note"/></concept><concept><code value="57174-5"/><display value="Oral surgery Referral note"/></concept><concept><code value="57175-2"/><display value="Orthopedic surgery Referral note"/></concept><concept><code value="57176-0"/><display value="Otolaryngology Referral note"/></concept><concept><code value="57152-1"/><display value="Pharmacy Referral note"/></concept><concept><code value="57153-9"/><display value="Physical medicine and rehabilitation Referral note"/></concept><concept><code value="57154-7"/><display value="Physical therapy Referral note"/></concept><concept><code value="57155-4"/><display value="Plastic surgery Referral note"/></concept><concept><code value="57156-2"/><display value="Podiatry Referral note"/></concept><concept><code value="57157-0"/><display value="Psychiatry Referral note"/></concept><concept><code value="57158-8"/><display value="Psychology Referral note"/></concept><concept><code value="57177-8"/><display value="Pulmonary disease Referral note"/></concept><concept><code value="57159-6"/><display value="Radiation oncology Referral note"/></concept><concept><code value="57160-4"/><display value="Recreational therapy Referral note"/></concept><concept><code value="57161-2"/><display value="Rehabilitation Referral note"/></concept><concept><code value="57162-0"/><display value="Respiratory therapy Referral note"/></concept><concept><code value="57163-8"/><display value="Rheumatology Referral note"/></concept><concept><code value="57164-6"/><display value="Social work Referral note"/></concept><concept><code value="57166-1"/><display value="Surgery Referral note"/></concept><concept><code value="57167-9"/><display value="Thoracic surgery Referral note"/></concept><concept><code value="57168-7"/><display value="Urology Referral note"/></concept><concept><code value="57169-5"/><display value="Vascular surgery Referral note"/></concept><concept><code value="69438-0"/><display value="Forensic medicine Referral note"/></concept></include></compose><expansion><identifier value="urn:uuid:f2a26749-1506-41c7-9064-bcaa5317cd8c"/><timestamp value="2017-07-13T09:33:07.7324386-04:00"/><contains><system value="http://loinc.org"/><code value="57133-1"/><display value="Referral note"/></contains><contains><system value="http://loinc.org"/><code value="57170-3"/><display value="Cardiovascular disease Referral note"/></contains><contains><system value="http://loinc.org"/><code value="57178-6"/><display value="Critical Care Medicine Referral note"/></contains><contains><system value="http://loinc.org"/><code value="57134-9"/><display value="Dentistry Referral note"/></contains><contains><system value="http://loinc.org"/><code value="57135-6"/><display value="Dermatology Referral note"/></contains><contains><system value="http://loinc.org"/><code value="57136-4"/><display value="Diabetology Referral note"/></contains><contains><system value="http://loinc.org"/><code value="57137-2"/><display value="Endocrinology Referral note"/></contains><contains><system value="http://loinc.org"/><code value="57138-0"/><display value="Gastroenterology Referral note"/></contains><contains><system value="http://loinc.org"/><code value="57139-8"/><display value="General medicine Referral note"/></contains><contains><system value="http://loinc.org"/><code value="57171-1"/><display value="Geriatric medicine Referral note"/></contains><contains><system value="http://loinc.org"/><code value="57141-4"/><display value="Infectious disease Referral note"/></contains><contains><system value="http://loinc.org"/><code value="57142-2"/><display value="Kinesiotherapy Referral note"/></contains><contains><system value="http://loinc.org"/><code value="57143-0"/><display value="Mental health Referral note"/></contains><contains><system value="http://loinc.org"/><code value="57144-8"/><display value="Nephrology Referral note"/></contains><contains><system value="http://loinc.org"/><code value="57146-3"/><display value="Neurological surgery Referral note"/></contains><contains><system value="http://loinc.org"/><code value="57145-5"/><display value="Neurology Referral note"/></contains><contains><system value="http://loinc.org"/><code value="57173-7"/><display value="Nutrition and dietetics Referral note"/></contains><contains><system value="http://loinc.org"/><code value="57179-4"/><display value="Obstetrics and Gynecology Referral note"/></contains><contains><system value="http://loinc.org"/><code value="57147-1"/><display value="Occupational health Referral note"/></contains><contains><system value="http://loinc.org"/><code value="57148-9"/><display value="Occupational therapy Referral note"/></contains><contains><system value="http://loinc.org"/><code value="57149-7"/><display value="Oncology Referral note"/></contains><contains><system value="http://loinc.org"/><code value="57150-5"/><display value="Ophthalmology Referral note"/></contains><contains><system value="http://loinc.org"/><code value="57151-3"/><display value="Optometry Referral note"/></contains><contains><system value="http://loinc.org"/><code value="57174-5"/><display value="Oral surgery Referral note"/></contains><contains><system value="http://loinc.org"/><code value="57175-2"/><display value="Orthopedic surgery Referral note"/></contains><contains><system value="http://loinc.org"/><code value="57176-0"/><display value="Otolaryngology Referral note"/></contains><contains><system value="http://loinc.org"/><code value="57152-1"/><display value="Pharmacy Referral note"/></contains><contains><system value="http://loinc.org"/><code value="57153-9"/><display value="Physical medicine and rehabilitation Referral note"/></contains><contains><system value="http://loinc.org"/><code value="57154-7"/><display value="Physical therapy Referral note"/></contains><contains><system value="http://loinc.org"/><code value="57155-4"/><display value="Plastic surgery Referral note"/></contains><contains><system value="http://loinc.org"/><code value="57156-2"/><display value="Podiatry Referral note"/></contains><contains><system value="http://loinc.org"/><code value="57157-0"/><display value="Psychiatry Referral note"/></contains><contains><system value="http://loinc.org"/><code value="57158-8"/><display value="Psychology Referral note"/></contains><contains><system value="http://loinc.org"/><code value="57177-8"/><display value="Pulmonary disease Referral note"/></contains><contains><system value="http://loinc.org"/><code value="57159-6"/><display value="Radiation oncology Referral note"/></contains><contains><system value="http://loinc.org"/><code value="57160-4"/><display value="Recreational therapy Referral note"/></contains><contains><system value="http://loinc.org"/><code value="57161-2"/><display value="Rehabilitation Referral note"/></contains><contains><system value="http://loinc.org"/><code value="57162-0"/><display value="Respiratory therapy Referral note"/></contains><contains><system value="http://loinc.org"/><code value="57163-8"/><display value="Rheumatology Referral note"/></contains><contains><system value="http://loinc.org"/><code value="57164-6"/><display value="Social work Referral note"/></contains><contains><system value="http://loinc.org"/><code value="57166-1"/><display value="Surgery Referral note"/></contains><contains><system value="http://loinc.org"/><code value="57167-9"/><display value="Thoracic surgery Referral note"/></contains><contains><system value="http://loinc.org"/><code value="57168-7"/><display value="Urology Referral note"/></contains><contains><system value="http://loinc.org"/><code value="57169-5"/><display value="Vascular surgery Referral note"/></contains><contains><system value="http://loinc.org"/><code value="69438-0"/><display value="Forensic medicine Referral note"/></contains></expansion></ValueSet>