<?xml version="1.0" encoding="UTF-8"?><ValueSet xmlns="http://hl7.org/fhir"><id value="2.16.840.1.113883.11.20.6.1"/><text><status value="generated"/><div xmlns="http://www.w3.org/1999/xhtml"><h3>Value Set Contents</h3><p>This value set contains 17 concepts</p><p>All codes from system <code>http://loinc.org</code></p><table class="codes"><tr><td><b>Code</b></td><td><b>Display</b></td></tr><tr><td><a name="http---loinc.org-28570-0"> </a><a href="http://details.loinc.org/LOINC/28570-0.html">28570-0</a></td><td>Provider-unspecified Procedure note</td></tr><tr><td><a name="http---loinc.org-11505-5"> </a><a href="http://details.loinc.org/LOINC/11505-5.html">11505-5</a></td><td>Physician procedure note</td></tr><tr><td><a name="http---loinc.org-18744-3"> </a><a href="http://details.loinc.org/LOINC/18744-3.html">18744-3</a></td><td>Bronchoscopy study</td></tr><tr><td><a name="http---loinc.org-18745-0"> </a><a href="http://details.loinc.org/LOINC/18745-0.html">18745-0</a></td><td>Cardiac catheterization study</td></tr><tr><td><a name="http---loinc.org-18746-8"> </a><a href="http://details.loinc.org/LOINC/18746-8.html">18746-8</a></td><td>Colonoscopy study</td></tr><tr><td><a name="http---loinc.org-18751-8"> </a><a href="http://details.loinc.org/LOINC/18751-8.html">18751-8</a></td><td>Endoscopy study</td></tr><tr><td><a name="http---loinc.org-18753-4"> </a><a href="http://details.loinc.org/LOINC/18753-4.html">18753-4</a></td><td>Flexible sigmoidoscopy study</td></tr><tr><td><a name="http---loinc.org-18836-7"> </a><a href="http://details.loinc.org/LOINC/18836-7.html">18836-7</a></td><td>Cardiac stress study Procedure</td></tr><tr><td><a name="http---loinc.org-28577-5"> </a><a href="http://details.loinc.org/LOINC/28577-5.html">28577-5</a></td><td>Dentist procedure note</td></tr><tr><td><a name="http---loinc.org-28625-2"> </a><a href="http://details.loinc.org/LOINC/28625-2.html">28625-2</a></td><td>Podiatry procedure note</td></tr><tr><td><a name="http---loinc.org-29757-2"> </a><a href="http://details.loinc.org/LOINC/29757-2.html">29757-2</a></td><td>Colposcopy study</td></tr><tr><td><a name="http---loinc.org-33721-2"> </a><a href="http://details.loinc.org/LOINC/33721-2.html">33721-2</a></td><td>Bone marrow Pathology biopsy report</td></tr><tr><td><a name="http---loinc.org-34121-4"> </a><a href="http://details.loinc.org/LOINC/34121-4.html">34121-4</a></td><td>Interventional procedure note</td></tr><tr><td><a name="http---loinc.org-34896-1"> </a><a href="http://details.loinc.org/LOINC/34896-1.html">34896-1</a></td><td>Cardiovascular disease Interventional procedure note</td></tr><tr><td><a name="http---loinc.org-34899-5"> </a><a href="http://details.loinc.org/LOINC/34899-5.html">34899-5</a></td><td>Gastroenterology Interventional procedure note</td></tr><tr><td><a name="http---loinc.org-47048-4"> </a><a href="http://details.loinc.org/LOINC/47048-4.html">47048-4</a></td><td>Diagnostic interventional study report Interventional radiology</td></tr><tr><td><a name="http---loinc.org-48807-2"> </a><a href="http://details.loinc.org/LOINC/48807-2.html">48807-2</a></td><td>Bone marrow aspiration report</td></tr></table></div></text><url value="http://hl7.org/fhir/ccda/ValueSet/2.16.840.1.113883.11.20.6.1"/><name value="ProcedureNoteDocumentTypeCodes"/><status value="active"/><date value="2017-07-20T14:01:40-04:00"/><description value="A value set of LOINC document codes for Procedure Notes.&#xD;&#xA;&#xD;&#xA;Specific URL Pending"/><compose><include><system value="http://loinc.org"/><concept><code value="28570-0"/><display value="Provider-unspecified Procedure note"/></concept><concept><code value="11505-5"/><display value="Physician procedure note"/></concept><concept><code value="18744-3"/><display value="Bronchoscopy study"/></concept><concept><code value="18745-0"/><display value="Cardiac catheterization study"/></concept><concept><code value="18746-8"/><display value="Colonoscopy study"/></concept><concept><code value="18751-8"/><display value="Endoscopy study"/></concept><concept><code value="18753-4"/><display value="Flexible sigmoidoscopy study"/></concept><concept><code value="18836-7"/><display value="Cardiac stress study Procedure"/></concept><concept><code value="28577-5"/><display value="Dentist procedure note"/></concept><concept><code value="28625-2"/><display value="Podiatry procedure note"/></concept><concept><code value="29757-2"/><display value="Colposcopy study"/></concept><concept><code value="33721-2"/><display value="Bone marrow Pathology biopsy report"/></concept><concept><code value="34121-4"/><display value="Interventional procedure note"/></concept><concept><code value="34896-1"/><display value="Cardiovascular disease Interventional procedure note"/></concept><concept><code value="34899-5"/><display value="Gastroenterology Interventional procedure note"/></concept><concept><code value="47048-4"/><display value="Diagnostic interventional study report Interventional radiology"/></concept><concept><code value="48807-2"/><display value="Bone marrow aspiration report"/></concept></include></compose><expansion><identifier value="urn:uuid:d6b555c3-8127-4987-a1f6-264a6965fd3d"/><timestamp value="2017-07-13T09:33:07.7949511-04:00"/><contains><system value="http://loinc.org"/><code value="28570-0"/><display value="Provider-unspecified Procedure note"/></contains><contains><system value="http://loinc.org"/><code value="11505-5"/><display value="Physician procedure note"/></contains><contains><system value="http://loinc.org"/><code value="18744-3"/><display value="Bronchoscopy study"/></contains><contains><system value="http://loinc.org"/><code value="18745-0"/><display value="Cardiac catheterization study"/></contains><contains><system value="http://loinc.org"/><code value="18746-8"/><display value="Colonoscopy study"/></contains><contains><system value="http://loinc.org"/><code value="18751-8"/><display value="Endoscopy study"/></contains><contains><system value="http://loinc.org"/><code value="18753-4"/><display value="Flexible sigmoidoscopy study"/></contains><contains><system value="http://loinc.org"/><code value="18836-7"/><display value="Cardiac stress study Procedure"/></contains><contains><system value="http://loinc.org"/><code value="28577-5"/><display value="Dentist procedure note"/></contains><contains><system value="http://loinc.org"/><code value="28625-2"/><display value="Podiatry procedure note"/></contains><contains><system value="http://loinc.org"/><code value="29757-2"/><display value="Colposcopy study"/></contains><contains><system value="http://loinc.org"/><code value="33721-2"/><display value="Bone marrow Pathology biopsy report"/></contains><contains><system value="http://loinc.org"/><code value="34121-4"/><display value="Interventional procedure note"/></contains><contains><system value="http://loinc.org"/><code value="34896-1"/><display value="Cardiovascular disease Interventional procedure note"/></contains><contains><system value="http://loinc.org"/><code value="34899-5"/><display value="Gastroenterology Interventional procedure note"/></contains><contains><system value="http://loinc.org"/><code value="47048-4"/><display value="Diagnostic interventional study report Interventional radiology"/></contains><contains><system value="http://loinc.org"/><code value="48807-2"/><display value="Bone marrow aspiration report"/></contains></expansion></ValueSet>